{"cameraMode":{"drawMode":0,"name":"Shaded","section":"Shading Mode"},"sceneLighting":false,"audioPlay":false,"sceneViewState":{"m_AlwaysRefresh":false,"showFog":true,"showSkybox":false,"showFlares":true,"showImageEffects":true,"showParticleSystems":true,"showVisualEffectGraphs":true,"m_FxEnabled":true},"in2DMode":false,"pivot":{"x":4.186834812164307,"y":0.36999988555908205,"z":5.297587871551514},"rotation":{"x":0.43764033913612368,"y":0.003231849754229188,"z":-0.0015903790481388569,"w":0.8990850448608398},"size":0.5934752821922302,"orthographic":true}