{"cameraMode":{"drawMode":0,"name":"Shaded","section":"Shading Mode"},"sceneLighting":true,"audioPlay":false,"sceneViewState":{"m_AlwaysRefresh":false,"showFog":true,"showSkybox":true,"showFlares":true,"showImageEffects":true,"showParticleSystems":true,"showVisualEffectGraphs":true,"m_FxEnabled":true},"in2DMode":false,"pivot":{"x":-1.4077014923095704,"y":-3.6247096061706545,"z":-3.599660873413086},"rotation":{"x":0.17883571982383729,"y":0.04484507441520691,"z":-0.008177143521606923,"w":0.9827787280082703},"size":12.332417488098145,"orthographic":true}