{"cameraMode":{"drawMode":0,"name":"Shaded","section":"Shading Mode"},"sceneLighting":true,"audioPlay":false,"sceneViewState":{"m_AlwaysRefresh":false,"showFog":true,"showSkybox":true,"showFlares":true,"showImageEffects":true,"showParticleSystems":true,"showVisualEffectGraphs":true,"m_FxEnabled":true},"in2DMode":false,"pivot":{"x":2.733065605163574,"y":0.7079830169677734,"z":-0.9811477661132813},"rotation":{"x":0.25052642822265627,"y":-0.11237770318984986,"z":0.02927466854453087,"w":0.9610557556152344},"size":10.242670059204102,"orthographic":true}